{"inputUnits":[63],"outputUnits":2,"inputs":{"0":{"dtype":"number","min":131.5754787489126,"max":529.9720284731991},"1":{"dtype":"number","min":216.3925276019972,"max":474.1932437563777},"2":{"dtype":"number","min":-0.001288488507270813,"max":0.0007414743304252625},"3":{"dtype":"number","min":186.1960015279077,"max":571.6157734759655},"4":{"dtype":"number","min":179.0972305941133,"max":426.58704300370357},"5":{"dtype":"number","min":-22.548818588256836,"max":2.33479380607605},"6":{"dtype":"number","min":212.15106780363016,"max":588.7722850681952},"7":{"dtype":"number","min":134.93038907530757,"max":384.20034893634323},"8":{"dtype":"number","min":-36.11335372924805,"max":5.884349346160889},"9":{"dtype":"number","min":223.70379672066872,"max":597.1603452002627},"10":{"dtype":"number","min":93.25640083377037,"max":333.7376291109628},"11":{"dtype":"number","min":-46.83317947387695,"max":8.743020057678223},"12":{"dtype":"number","min":205.76517359519522,"max":608.7717342642101},"13":{"dtype":"number","min":67.63131748304971,"max":301.7397305150439},"14":{"dtype":"number","min":-55.33146667480469,"max":11.696115493774414},"15":{"dtype":"number","min":189.3234780694438,"max":565.6958666960194},"16":{"dtype":"number","min":97.00725936993912,"max":335.89363454390076},"17":{"dtype":"number","min":-28.78369140625,"max":25.82542610168457},"18":{"dtype":"number","min":181.70108893133954,"max":567.1789580019779},"19":{"dtype":"number","min":60.12883178270681,"max":292.13376187761776},"20":{"dtype":"number","min":-47.731292724609375,"max":31.491365432739258},"21":{"dtype":"number","min":177.92867475645284,"max":565.9327920810198},"22":{"dtype":"number","min":84.64845571632432,"max":330.2763545868796},"23":{"dtype":"number","min":-47.68350601196289,"max":39.049339294433594},"24":{"dtype":"number","min":175.9351846205118,"max":565.5769632535187},"25":{"dtype":"number","min":68.1360446138529,"max":348.53095371915856},"26":{"dtype":"number","min":-45.276649475097656,"max":44.53981018066406},"27":{"dtype":"number","min":157.5016980752697,"max":530.2489884202894},"28":{"dtype":"number","min":101.33154144467649,"max":332.44771833876973},"29":{"dtype":"number","min":-31.384632110595703,"max":24.506078720092773},"30":{"dtype":"number","min":143.8953477236572,"max":529.323013263087},"31":{"dtype":"number","min":62.310483271227596,"max":291.55422401583735},"32":{"dtype":"number","min":-49.961605072021484,"max":29.15791130065918},"33":{"dtype":"number","min":143.46395647039208,"max":527.7434251399252},"34":{"dtype":"number","min":97.13332275188336,"max":340.39746560463703},"35":{"dtype":"number","min":-51.0051383972168,"max":34.92283630371094},"36":{"dtype":"number","min":145.35675206659693,"max":533.5708103680929},"37":{"dtype":"number","min":58.20829641815607,"max":355.1763248388112},"38":{"dtype":"number","min":-54.631961822509766,"max":40.45089340209961},"39":{"dtype":"number","min":128.17658844661617,"max":497.3646258442715},"40":{"dtype":"number","min":109.29085263888997,"max":336.3427223053248},"41":{"dtype":"number","min":-32.77008819580078,"max":21.65507698059082},"42":{"dtype":"number","min":108.42145875765141,"max":491.2962412352212},"43":{"dtype":"number","min":72.58440290555258,"max":308.1920975581778},"44":{"dtype":"number","min":-47.059608459472656,"max":26.23307991027832},"45":{"dtype":"number","min":107.25460617007514,"max":490.2417825557919},"46":{"dtype":"number","min":108.19979318070723,"max":347.93546445684075},"47":{"dtype":"number","min":-52.70077896118164,"max":29.70046043395996},"48":{"dtype":"number","min":108.05091390182804,"max":492.64406550431784},"49":{"dtype":"number","min":81.95129086841196,"max":359.64413604946236},"50":{"dtype":"number","min":-57.51645278930664,"max":31.983043670654297},"51":{"dtype":"number","min":98.64599871252483,"max":465.7633701718014},"52":{"dtype":"number","min":121.15471072311449,"max":349.722840506277},"53":{"dtype":"number","min":-33.5344352722168,"max":23.87349510192871},"54":{"dtype":"number","min":75.98876903942278,"max":457.72503241292395},"55":{"dtype":"number","min":90.84098454655569,"max":320.93922045480025},"56":{"dtype":"number","min":-43.934730529785156,"max":24.543006896972656},"57":{"dtype":"number","min":70.79028645245171,"max":456.2981644763332},"58":{"dtype":"number","min":115.75159491278288,"max":349.5423597706885},"59":{"dtype":"number","min":-49.77928924560547,"max":31.16769790649414},"60":{"dtype":"number","min":68.92503149873062,"max":458.5471296430206},"61":{"dtype":"number","min":112.99615444546127,"max":359.1116593823224},"62":{"dtype":"number","min":-53.93292236328125,"max":35.81475830078125}},"outputs":{"0":{"dtype":"string","min":0,"max":1,"uniqueValues":["open","close"],"legend":{"open":[1,0],"close":[0,1]}}},"isNormalized":true}